<?xml version="1.0" encoding="UTF-8"?>
<project-private xmlns="http://www.netbeans.org/ns/project-private/1">
    <editor-bookmarks xmlns="http://www.netbeans.org/ns/editor-bookmarks/2" lastBookmarkId="0"/>
    <open-files xmlns="http://www.netbeans.org/ns/projectui-open-files/2">
        <group>
            <file>file:/C:/Users/ASUS/Music/CN%204/PRJ301/PRJ301-SE1832-SE183732-DO%20VAN%20THANG/PRJ301_T3S2_JSP/src/java/sample/comestics/Comestics.java</file>
            <file>file:/C:/Users/ASUS/Music/CN%204/PRJ301/PRJ301-SE1832-SE183732-DO%20VAN%20THANG/PRJ301_T3S2_JSP/src/java/sample/controllers/CreateController.java</file>
            <file>file:/C:/Users/ASUS/Music/CN%204/PRJ301/PRJ301-SE1832-SE183732-DO%20VAN%20THANG/PRJ301_T3S2_JSP/src/java/sample/controllers/UpdateController.java</file>
            <file>file:/C:/Users/ASUS/Music/CN%204/PRJ301/PRJ301-SE1832-SE183732-DO%20VAN%20THANG/PRJ301_T3S2_JSP/web/login.jsp</file>
            <file>file:/C:/Users/ASUS/Music/CN%204/PRJ301/PRJ301-SE1832-SE183732-DO%20VAN%20THANG/PRJ301_T3S2_JSP/src/java/sample/controllers/SendMailController.java</file>
            <file>file:/C:/Users/ASUS/Music/CN%204/PRJ301/PRJ301-SE1832-SE183732-DO%20VAN%20THANG/PRJ301_T3S2_JSP/src/java/sample/controllers/Top1UserController.java</file>
            <file>file:/C:/Users/ASUS/Music/CN%204/PRJ301/PRJ301-SE1832-SE183732-DO%20VAN%20THANG/PRJ301_T3S2_JSP/web/confirmation.jsp</file>
            <file>file:/C:/Users/ASUS/Music/CN%204/PRJ301/PRJ301-SE1832-SE183732-DO%20VAN%20THANG/PRJ301_T3S2_JSP/src/java/sample/controllers/ShoppingController.java</file>
            <file>file:/C:/Users/ASUS/Music/CN%204/PRJ301/PRJ301-SE1832-SE183732-DO%20VAN%20THANG/PRJ301_T3S2_JSP/src/java/sample/controllers/SearchController.java</file>
            <file>file:/C:/Users/ASUS/Music/CN%204/PRJ301/PRJ301-SE1832-SE183732-DO%20VAN%20THANG/PRJ301_T3S2_JSP/web/top1User.jsp</file>
            <file>file:/C:/Users/ASUS/Music/CN%204/PRJ301/PRJ301-SE1832-SE183732-DO%20VAN%20THANG/PRJ301_T3S2_JSP/src/java/sample/utils/DBUtils.java</file>
            <file>file:/C:/Users/ASUS/Music/CN%204/PRJ301/PRJ301-SE1832-SE183732-DO%20VAN%20THANG/PRJ301_T3S2_JSP/web/createProduct.jsp</file>
            <file>file:/C:/Users/ASUS/Music/CN%204/PRJ301/PRJ301-SE1832-SE183732-DO%20VAN%20THANG/PRJ301_T3S2_JSP/src/java/sample/controllers/LogoutController.java</file>
            <file>file:/C:/Users/ASUS/Music/CN%204/PRJ301/PRJ301-SE1832-SE183732-DO%20VAN%20THANG/PRJ301_T3S2_JSP/src/java/sample/controllers/DeleteProductController.java</file>
            <file>file:/C:/Users/ASUS/Music/CN%204/PRJ301/PRJ301-SE1832-SE183732-DO%20VAN%20THANG/PRJ301_T3S2_JSP/web/WEB-INF/web.xml</file>
            <file>file:/C:/Users/ASUS/Music/CN%204/PRJ301/PRJ301-SE1832-SE183732-DO%20VAN%20THANG/PRJ301_T3S2_JSP/src/java/sample/controllers/AddController.java</file>
            <file>file:/C:/Users/ASUS/Music/CN%204/PRJ301/PRJ301-SE1832-SE183732-DO%20VAN%20THANG/PRJ301_T3S2_JSP/src/java/sample/controllers/SearchProductController.java</file>
            <file>file:/C:/Users/ASUS/Music/CN%204/PRJ301/PRJ301-SE1832-SE183732-DO%20VAN%20THANG/PRJ301_T3S2_JSP/src/java/sample/controllers/LoginController.java</file>
            <file>file:/C:/Users/ASUS/Music/CN%204/PRJ301/PRJ301-SE1832-SE183732-DO%20VAN%20THANG/PRJ301_T3S2_JSP/web/viewCart.jsp</file>
            <file>file:/C:/Users/ASUS/Music/CN%204/PRJ301/PRJ301-SE1832-SE183732-DO%20VAN%20THANG/PRJ301_T3S2_JSP/src/java/sample/controllers/MainController.java</file>
            <file>file:/C:/Users/ASUS/Music/CN%204/PRJ301/PRJ301-SE1832-SE183732-DO%20VAN%20THANG/PRJ301_T3S2_JSP/web/create.jsp</file>
            <file>file:/C:/Users/ASUS/Music/CN%204/PRJ301/PRJ301-SE1832-SE183732-DO%20VAN%20THANG/PRJ301_T3S2_JSP/nbproject/build-impl.xml</file>
            <file>file:/C:/Users/ASUS/Music/CN%204/PRJ301/PRJ301-SE1832-SE183732-DO%20VAN%20THANG/PRJ301_T3S2_JSP/web/register.jsp</file>
            <file>file:/C:/Users/ASUS/Music/CN%204/PRJ301/PRJ301-SE1832-SE183732-DO%20VAN%20THANG/PRJ301_T3S2_JSP/src/java/sample/utils/GoogleUtils.java</file>
            <file>file:/C:/Users/ASUS/Music/CN%204/PRJ301/PRJ301-SE1832-SE183732-DO%20VAN%20THANG/PRJ301_T3S2_JSP/src/java/sample/filter/AuthenFilter.java</file>
            <file>file:/C:/Users/ASUS/Music/CN%204/PRJ301/PRJ301-SE1832-SE183732-DO%20VAN%20THANG/PRJ301_T3S2_JSP/src/java/sample/user/UserDTO.java</file>
            <file>file:/C:/Users/ASUS/Music/CN%204/PRJ301/PRJ301-SE1832-SE183732-DO%20VAN%20THANG/PRJ301_T3S2_JSP/src/java/sample/comestics/ProductDAO.java</file>
            <file>file:/C:/Users/ASUS/Music/CN%204/PRJ301/PRJ301-SE1832-SE183732-DO%20VAN%20THANG/PRJ301_T3S2_JSP/src/java/sample/controllers/DeleteController.java</file>
            <file>file:/C:/Users/ASUS/Music/CN%204/PRJ301/PRJ301-SE1832-SE183732-DO%20VAN%20THANG/PRJ301_T3S2_JSP/web/admin.jsp</file>
            <file>file:/C:/Users/ASUS/Music/CN%204/PRJ301/PRJ301-SE1832-SE183732-DO%20VAN%20THANG/PRJ301_T3S2_JSP/web/user.jsp</file>
            <file>file:/C:/Users/ASUS/Music/CN%204/PRJ301/PRJ301-SE1832-SE183732-DO%20VAN%20THANG/PRJ301_T3S2_JSP/src/java/sample/user/UserDAO.java</file>
            <file>file:/C:/Users/ASUS/Music/CN%204/PRJ301/PRJ301-SE1832-SE183732-DO%20VAN%20THANG/PRJ301_T3S2_JSP/src/java/sample/controllers/LoginGoogleHandler.java</file>
            <file>file:/C:/Users/ASUS/Music/CN%204/PRJ301/PRJ301-SE1832-SE183732-DO%20VAN%20THANG/PRJ301_T3S2_JSP/web/shopping.jsp</file>
            <file>file:/C:/Users/ASUS/Music/CN%204/PRJ301/PRJ301-SE1832-SE183732-DO%20VAN%20THANG/PRJ301_T3S2_JSP/src/java/sample/controllers/RemoveController.java</file>
            <file>file:/C:/Users/ASUS/Music/CN%204/PRJ301/PRJ301-SE1832-SE183732-DO%20VAN%20THANG/PRJ301_T3S2_JSP/web/shopping.html</file>
            <file>file:/C:/Users/ASUS/Music/CN%204/PRJ301/PRJ301-SE1832-SE183732-DO%20VAN%20THANG/PRJ301_T3S2_JSP/src/java/sample/controllers/EditController.java</file>
            <file>file:/C:/Users/ASUS/Music/CN%204/PRJ301/PRJ301-SE1832-SE183732-DO%20VAN%20THANG/PRJ301_T3S2_JSP/src/java/sample/controllers/CheckoutController.java</file>
            <file>file:/C:/Users/ASUS/Music/CN%204/PRJ301/PRJ301-SE1832-SE183732-DO%20VAN%20THANG/PRJ301_T3S2_JSP/web/viewCart1.jsp</file>
            <file>file:/C:/Users/ASUS/Music/CN%204/PRJ301/PRJ301-SE1832-SE183732-DO%20VAN%20THANG/PRJ301_T3S2_JSP/web/sendMail.jsp</file>
            <file>file:/C:/Users/ASUS/Music/CN%204/PRJ301/PRJ301-SE1832-SE183732-DO%20VAN%20THANG/PRJ301_T3S2_JSP/web/user1.jsp</file>
            <file>file:/C:/Users/ASUS/Music/CN%204/PRJ301/PRJ301-SE1832-SE183732-DO%20VAN%20THANG/PRJ301_T3S2_JSP/src/java/sample/controllers/CreateProductController.java</file>
            <file>file:/C:/Users/ASUS/Music/CN%204/PRJ301/PRJ301-SE1832-SE183732-DO%20VAN%20THANG/PRJ301_T3S2_JSP/src/java/sample/comestics/Cart.java</file>
            <file>file:/C:/Users/ASUS/Music/CN%204/PRJ301/PRJ301-SE1832-SE183732-DO%20VAN%20THANG/PRJ301_T3S2_JSP/src/java/sample/controllers/UpdateProductController.java</file>
            <file>file:/C:/Users/ASUS/Music/CN%204/PRJ301/PRJ301-SE1832-SE183732-DO%20VAN%20THANG/PRJ301_T3S2_JSP/src/java/sample/user/Top1UserDTO.java</file>
            <file>file:/C:/Users/ASUS/Music/CN%204/PRJ301/PRJ301-SE1832-SE183732-DO%20VAN%20THANG/PRJ301_T3S2_JSP/web/META-INF/context.xml</file>
        </group>
    </open-files>
</project-private>
